{"train_loss": [0.09139727056026459, 0.043023671954870224, 0.00987372174859047, 0.007428592070937157, 0.006841578986495733, 0.0063660950399935246, 0.005911406595259905, 0.005413626786321402, 0.004996584728360176, 0.004709395579993725, 0.00445958785712719, 0.004194156266748905, 0.003966346848756075, 0.003782432759180665, 0.0036600639577955008, 0.0035579181276261806, 0.0034589292481541634, 0.0033814324997365475, 0.00329515989869833, 0.0032133841887116432, 0.003165049245581031, 0.003117311978712678, 0.0030439230613410473, 0.003001145087182522, 0.002960306592285633, 0.0029154152143746614, 0.0029033576138317585, 0.0028459157329052687, 0.002836533822119236, 0.0027914138045161963, 0.0027537241112440825, 0.0027265860699117184, 0.002698985394090414, 0.002675935858860612, 0.0026447903364896774, 0.0026213231030851603, 0.00260939565487206, 0.0025806622579693794, 0.002554823411628604, 0.0025361021980643272, 0.0025241009425371885, 0.0025229270104318857, 0.0024897372350096703, 0.0024559455923736095, 0.0024590804241597652, 0.0024290881119668484, 0.0024655822198837996, 0.0024306681007146835, 0.0023908508010208607, 0.0023810244165360928, 0.0023658298887312412, 0.002345753600820899, 0.002350091002881527, 0.0023225080221891403, 0.0023113132920116186, 0.0023155612871050835, 0.0022897880990058184, 0.002268014010041952, 0.002273650374263525, 0.0022627925500273705], "validation_loss": [0.06234435364603996, 0.017669886350631714, 0.00818193331360817, 0.007380632683634758, 0.006883753463625908, 0.0063523235730826855, 0.005928838159888983, 0.0055016097612679005, 0.00511079840362072, 0.004793522413820028, 0.0045809377916157246, 0.0047539914958179, 0.004112647846341133, 0.0038800479378551245, 0.0037888875231146812, 0.0037190313450992107, 0.003623031545430422, 0.003547082655131817, 0.00353150418959558, 0.003417228814214468, 0.0034120401833206415, 0.003329688450321555, 0.0032413622830063105, 0.0033164185006171465, 0.0031822407618165016, 0.0031464772764593363, 0.0031479678582400084, 0.003049761988222599, 0.0030895802192389965, 0.003057512454688549, 0.0029933780897408724, 0.002965727588161826, 0.0029458815697580576, 0.002986094681546092, 0.0028726595919579268, 0.0028863337356597185, 0.0028174652252346277, 0.002814226085320115, 0.0028077277820557356, 0.0027954401448369026, 0.0027639386244118214, 0.002750877058133483, 0.0027535236440598965, 0.002714293310418725, 0.002694469876587391, 0.002700713463127613, 0.002839535940438509, 0.00267361500300467, 0.0027758474461734295, 0.002646183129400015, 0.0026349269319325686, 0.002637885743752122, 0.002608267357572913, 0.002629756461828947, 0.0026192667428404093, 0.002706990111619234, 0.002588165458291769, 0.0026194124948233366, 0.0025693585630506277, 0.0025587016716599464]}